Keyword,Target page,Target page URL,Status
"payment processing guide","Homepage","https://YOURDOMAIN.com/","assigned"
"online payment processing companies","Processors directory","https://YOURDOMAIN.com/processors","assigned"
"payment processing companies online","Processors directory","https://YOURDOMAIN.com/processors","assigned"
"payment processor comparison","Compare","https://YOURDOMAIN.com/compare","assigned"
"credit card payment processor comparison","Compare","https://YOURDOMAIN.com/compare","assigned"
"ecommerce payment processing companies","E-commerce Payment Processors (category)","https://YOURDOMAIN.com/category/ecommerce","assigned"
"digital payment processing companies","E-commerce Payment Processors (category)","https://YOURDOMAIN.com/category/ecommerce","assigned"
"for developers","For Developers (category)","https://YOURDOMAIN.com/category/developers","NOT SET — derive"
"high-risk merchants","High-Risk Merchants (category)","https://YOURDOMAIN.com/category/high-risk","NOT SET — derive"
"in-person & retail (pos)","In-Person & Retail (POS) (category)","https://YOURDOMAIN.com/category/retail-pos","NOT SET — derive"
"international payment processing companies","International & Cross-Border (category)","https://YOURDOMAIN.com/category/international","assigned"
"global payment processing companies","International & Cross-Border (category)","https://YOURDOMAIN.com/category/international","assigned"
"marketplaces & platforms","Marketplaces & Platforms (category)","https://YOURDOMAIN.com/category/marketplaces","NOT SET — derive"
"nonprofits","Nonprofits (category)","https://YOURDOMAIN.com/category/nonprofits","NOT SET — derive"
"restaurants & hospitality","Restaurants & Hospitality (category)","https://YOURDOMAIN.com/category/restaurants","NOT SET — derive"
"merchant services for small business","Small Business (category)","https://YOURDOMAIN.com/category/small-business","assigned"
"credit card processing fees for small business","Small Business (category)","https://YOURDOMAIN.com/category/small-business","assigned"
"subscriptions & saas","Subscriptions & SaaS (category)","https://YOURDOMAIN.com/category/subscriptions","NOT SET — derive"
"adyen review","Adyen (processor profile)","https://YOURDOMAIN.com/processor/adyen","NOT SET — derive"
"best adyen alternatives","Best Adyen alternatives","https://YOURDOMAIN.com/alternatives/adyen","programmatic"
"authorize.net review","Authorize.net (processor profile)","https://YOURDOMAIN.com/processor/authorize-net","NOT SET — derive"
"best authorize.net alternatives","Best Authorize.net alternatives","https://YOURDOMAIN.com/alternatives/authorize-net","programmatic"
"braintree review","Braintree (processor profile)","https://YOURDOMAIN.com/processor/braintree","NOT SET — derive"
"best braintree alternatives","Best Braintree alternatives","https://YOURDOMAIN.com/alternatives/braintree","programmatic"
"helcim review","Helcim (processor profile)","https://YOURDOMAIN.com/processor/helcim","NOT SET — derive"
"best helcim alternatives","Best Helcim alternatives","https://YOURDOMAIN.com/alternatives/helcim","programmatic"
"paddle review","Paddle (processor profile)","https://YOURDOMAIN.com/processor/paddle","NOT SET — derive"
"best paddle alternatives","Best Paddle alternatives","https://YOURDOMAIN.com/alternatives/paddle","programmatic"
"paypal review","PayPal (processor profile)","https://YOURDOMAIN.com/processor/paypal","NOT SET — derive"
"best paypal alternatives","Best PayPal alternatives","https://YOURDOMAIN.com/alternatives/paypal","programmatic"
"payu review","PayU (processor profile)","https://YOURDOMAIN.com/processor/payu","NOT SET — derive"
"best payu alternatives","Best PayU alternatives","https://YOURDOMAIN.com/alternatives/payu","programmatic"
"razorpay review","Razorpay (processor profile)","https://YOURDOMAIN.com/processor/razorpay","NOT SET — derive"
"best razorpay alternatives","Best Razorpay alternatives","https://YOURDOMAIN.com/alternatives/razorpay","programmatic"
"square review","Square (processor profile)","https://YOURDOMAIN.com/processor/square","NOT SET — derive"
"best square alternatives","Best Square alternatives","https://YOURDOMAIN.com/alternatives/square","programmatic"
"stax review","Stax (processor profile)","https://YOURDOMAIN.com/processor/stax","NOT SET — derive"
"best stax alternatives","Best Stax alternatives","https://YOURDOMAIN.com/alternatives/stax","programmatic"
"stripe merchant services","Stripe (processor profile)","https://YOURDOMAIN.com/processor/stripe","assigned"
"best stripe alternatives","Best Stripe alternatives","https://YOURDOMAIN.com/alternatives/stripe","programmatic"
"best payment processors for shopify stores","Best payment processors for Shopify stores","https://YOURDOMAIN.com/payment-processors/for-shopify","static page"
"best payment processors for woocommerce","Best payment processors for WooCommerce","https://YOURDOMAIN.com/payment-processors/for-woocommerce","static page"
"best payment processors for bigcommerce","Best payment processors for BigCommerce","https://YOURDOMAIN.com/payment-processors/for-bigcommerce","static page"
"best payment processors for wix stores","Best payment processors for Wix stores","https://YOURDOMAIN.com/payment-processors/for-wix","static page"
"best payment processors for squarespace","Best payment processors for Squarespace","https://YOURDOMAIN.com/payment-processors/for-squarespace","static page"
"payment processors with a virtual terminal","Payment processors with a virtual terminal","https://YOURDOMAIN.com/payment-processors/with-virtual-terminal","static page"
"payment processors with payment links","Payment processors with payment links","https://YOURDOMAIN.com/payment-processors/with-payment-links","static page"
"payment processors with built-in invoicing","Payment processors with built-in invoicing","https://YOURDOMAIN.com/payment-processors/with-invoicing","static page"
"best ach payment processors","Best ACH payment processors","https://YOURDOMAIN.com/payment-processors/ach","static page"
"best cryptocurrency payment processors","Best cryptocurrency payment processors","https://YOURDOMAIN.com/payment-processors/crypto","static page"
"payment processors with apple pay","Payment processors with Apple Pay","https://YOURDOMAIN.com/payment-processors/apple-pay","static page"
"payment processors with google pay","Payment processors with Google Pay","https://YOURDOMAIN.com/payment-processors/google-pay","static page"
"payment processors with bnpl (buy now, pay later)","Payment processors with BNPL (buy now, pay later)","https://YOURDOMAIN.com/payment-processors/bnpl","static page"
"best interchange-plus payment processors","Best interchange-plus payment processors","https://YOURDOMAIN.com/payment-processors/interchange-plus","static page"
"best flat-rate payment processors","Best flat-rate payment processors","https://YOURDOMAIN.com/payment-processors/flat-rate","static page"
"best multi-currency payment processors","Best multi-currency payment processors","https://YOURDOMAIN.com/payment-processors/multi-currency","static page"
"payment processors with no rolling reserve","Payment processors with no rolling reserve","https://YOURDOMAIN.com/payment-processors/no-rolling-reserve","static page"
"payment processors with tap to pay on phone","Payment processors with Tap to Pay on phone","https://YOURDOMAIN.com/payment-processors/tap-to-pay","static page"
"payment processor","Payment processor (glossary)","https://YOURDOMAIN.com/glossary/payment-processor","static page"
"payment gateway","Payment gateway (glossary)","https://YOURDOMAIN.com/glossary/payment-gateway","static page"
"merchant account","Merchant account (glossary)","https://YOURDOMAIN.com/glossary/merchant-account","static page"
"acquiring bank","Acquiring bank (glossary)","https://YOURDOMAIN.com/glossary/acquiring-bank","static page"
"issuing bank","Issuing bank (glossary)","https://YOURDOMAIN.com/glossary/issuing-bank","static page"
"interchange","Interchange (glossary)","https://YOURDOMAIN.com/glossary/interchange","static page"
"interchange-plus","Interchange-plus (glossary)","https://YOURDOMAIN.com/glossary/interchange-plus","static page"
"flat-rate pricing","Flat-rate pricing (glossary)","https://YOURDOMAIN.com/glossary/flat-rate-pricing","static page"
"tiered pricing","Tiered pricing (glossary)","https://YOURDOMAIN.com/glossary/tiered-pricing","static page"
"effective rate","Effective rate (glossary)","https://YOURDOMAIN.com/glossary/effective-rate","static page"
"markup","Markup (glossary)","https://YOURDOMAIN.com/glossary/markup","static page"
"assessment fee","Assessment fee (glossary)","https://YOURDOMAIN.com/glossary/assessment-fee","static page"
"gateway fee","Gateway fee (glossary)","https://YOURDOMAIN.com/glossary/gateway-fee","static page"
"monthly minimum","Monthly minimum (glossary)","https://YOURDOMAIN.com/glossary/monthly-minimum","static page"
"surcharge","Surcharge (glossary)","https://YOURDOMAIN.com/glossary/surcharge","static page"
"authorization","Authorization (glossary)","https://YOURDOMAIN.com/glossary/authorization","static page"
"capture","Capture (glossary)","https://YOURDOMAIN.com/glossary/capture","static page"
"void","Void (glossary)","https://YOURDOMAIN.com/glossary/void","static page"
"refund","Refund (glossary)","https://YOURDOMAIN.com/glossary/refund","static page"
"settlement","Settlement (glossary)","https://YOURDOMAIN.com/glossary/settlement","static page"
"batch","Batch (glossary)","https://YOURDOMAIN.com/glossary/batch","static page"
"payout time","Payout time (glossary)","https://YOURDOMAIN.com/glossary/payout-time","static page"
"ach","ACH (glossary)","https://YOURDOMAIN.com/glossary/ach","static page"
"sepa","SEPA (glossary)","https://YOURDOMAIN.com/glossary/sepa","static page"
"chargeback","Chargeback (glossary)","https://YOURDOMAIN.com/glossary/chargeback","static page"
"chargeback ratio","Chargeback ratio (glossary)","https://YOURDOMAIN.com/glossary/chargeback-ratio","static page"
"dispute","Dispute (glossary)","https://YOURDOMAIN.com/glossary/dispute","static page"
"rolling reserve","Rolling reserve (glossary)","https://YOURDOMAIN.com/glossary/rolling-reserve","static page"
"high-risk merchant","High-risk merchant (glossary)","https://YOURDOMAIN.com/glossary/high-risk-merchant","static page"
"underwriting","Underwriting (glossary)","https://YOURDOMAIN.com/glossary/underwriting","static page"
"kyc","KYC (glossary)","https://YOURDOMAIN.com/glossary/kyc","static page"
"pci dss","PCI DSS (glossary)","https://YOURDOMAIN.com/glossary/pci-dss","static page"
"tokenization","Tokenization (glossary)","https://YOURDOMAIN.com/glossary/tokenization","static page"
"3d secure","3D Secure (glossary)","https://YOURDOMAIN.com/glossary/3d-secure","static page"
"avs","AVS (glossary)","https://YOURDOMAIN.com/glossary/avs","static page"
"cvv","CVV (glossary)","https://YOURDOMAIN.com/glossary/cvv","static page"
"emv","EMV (glossary)","https://YOURDOMAIN.com/glossary/emv","static page"
"nfc","NFC (glossary)","https://YOURDOMAIN.com/glossary/nfc","static page"
"tap to pay","Tap to Pay (glossary)","https://YOURDOMAIN.com/glossary/tap-to-pay","static page"
"digital wallet","Digital wallet (glossary)","https://YOURDOMAIN.com/glossary/digital-wallet","static page"
"buy now, pay later","Buy now, pay later (glossary)","https://YOURDOMAIN.com/glossary/bnpl","static page"
"card-present","Card-present (glossary)","https://YOURDOMAIN.com/glossary/card-present","static page"
"card-not-present","Card-not-present (glossary)","https://YOURDOMAIN.com/glossary/card-not-present","static page"
"moto","MOTO (glossary)","https://YOURDOMAIN.com/glossary/moto","static page"
"virtual terminal","Virtual terminal (glossary)","https://YOURDOMAIN.com/glossary/virtual-terminal","static page"
"payment link","Payment link (glossary)","https://YOURDOMAIN.com/glossary/payment-link","static page"
"hosted checkout","Hosted checkout (glossary)","https://YOURDOMAIN.com/glossary/hosted-checkout","static page"
"recurring billing","Recurring billing (glossary)","https://YOURDOMAIN.com/glossary/recurring-billing","static page"
"dunning","Dunning (glossary)","https://YOURDOMAIN.com/glossary/dunning","static page"
"multi-currency","Multi-currency (glossary)","https://YOURDOMAIN.com/glossary/multi-currency","static page"
"stripe vs paypal","stripe vs paypal","https://YOURDOMAIN.com/compare/stripe-vs-paypal","programmatic"
"stripe vs square","stripe vs square","https://YOURDOMAIN.com/compare/stripe-vs-square","programmatic"
"stripe vs braintree","stripe vs braintree","https://YOURDOMAIN.com/compare/stripe-vs-braintree","programmatic"
"stripe vs adyen","stripe vs adyen","https://YOURDOMAIN.com/compare/stripe-vs-adyen","programmatic"
"stripe vs authorize-net","stripe vs authorize-net","https://YOURDOMAIN.com/compare/stripe-vs-authorize-net","programmatic"
"paypal vs square","paypal vs square","https://YOURDOMAIN.com/compare/paypal-vs-square","programmatic"
"square vs stax","square vs stax","https://YOURDOMAIN.com/compare/square-vs-stax","programmatic"
"razorpay vs payu","razorpay vs payu","https://YOURDOMAIN.com/compare/razorpay-vs-payu","programmatic"
"stripe vs helcim","stripe vs helcim","https://YOURDOMAIN.com/compare/stripe-vs-helcim","programmatic"
"stripe vs stax","stripe vs stax","https://YOURDOMAIN.com/compare/stripe-vs-stax","programmatic"
"paypal vs braintree","paypal vs braintree","https://YOURDOMAIN.com/compare/paypal-vs-braintree","programmatic"
"paypal vs adyen","paypal vs adyen","https://YOURDOMAIN.com/compare/paypal-vs-adyen","programmatic"
"paypal vs authorize-net","paypal vs authorize-net","https://YOURDOMAIN.com/compare/paypal-vs-authorize-net","programmatic"
"square vs helcim","square vs helcim","https://YOURDOMAIN.com/compare/square-vs-helcim","programmatic"
"square vs braintree","square vs braintree","https://YOURDOMAIN.com/compare/square-vs-braintree","programmatic"
"square vs adyen","square vs adyen","https://YOURDOMAIN.com/compare/square-vs-adyen","programmatic"
"adyen vs braintree","adyen vs braintree","https://YOURDOMAIN.com/compare/adyen-vs-braintree","programmatic"
"braintree vs authorize-net","braintree vs authorize-net","https://YOURDOMAIN.com/compare/braintree-vs-authorize-net","programmatic"
"authorize-net vs stax","authorize-net vs stax","https://YOURDOMAIN.com/compare/authorize-net-vs-stax","programmatic"
"helcim vs stax","helcim vs stax","https://YOURDOMAIN.com/compare/helcim-vs-stax","programmatic"
"how to choose the best payment gateway for your business ?","Choosing the Right Payment Gateway for Your Business (blog)","https://YOURDOMAIN.com/blog/choosing-the-right-payment-gateway-for-your-business","NOT SET — derive"
"flat-rate vs interchange-plus pricing explained","Flat-rate vs interchange-plus: which pricing model saves you more? (blog)","https://YOURDOMAIN.com/blog/flat-rate-vs-interchange-plus","NOT SET — derive"
"how online payment systems work simple guide for businesses?","How Online Payment Systems Work: A Simple Guide for Businesses? (blog)","https://YOURDOMAIN.com/blog/how-online-payment-systems-work-a-simple-guide-for-businesses","NOT SET — derive"
"how payment processing software improves business efficiency ?","How Payment Processing Software Improves Business Efficiency ? (blog)","https://YOURDOMAIN.com/blog/how-payment-processing-software-improves-business-efficiency","NOT SET — derive"
"how to choose a payment processor: a step-by-step guide","How to Choose a Payment Processor: A Step-by-Step Guide (blog)","https://YOURDOMAIN.com/blog/how-to-choose-a-payment-processor","NOT SET — derive"
"how to choose the best merchant services provider for your business?","How to Choose the Best Merchant Services Provider for Your Business? (blog)","https://YOURDOMAIN.com/blog/how-to-choose-the-best-merchant-services-provider-for-your-business","NOT SET — derive"
"how to choose the right payment processing platform for your business ?","How to Choose the Right Payment Processing Platform for Your Business ? (blog)","https://YOURDOMAIN.com/blog/how-to-choose-the-right-payment-processing-platform-for-your-business","NOT SET — derive"
"how to lower your payment processing fees","How to lower your payment processing fees: 9 levers that actually work (blog)","https://YOURDOMAIN.com/blog/how-to-lower-payment-processing-fees","NOT SET — derive"
"payment processing platform vs payment processing software: what's the difference?","Payment Processing Platform vs Payment Processing Software: What's the Difference? (blog)","https://YOURDOMAIN.com/blog/payment-processing-platform-vs-payment-processing-software-what-s-the-difference","NOT SET — derive"
"the role of online payment gateways in secure digital transactions","The Role of Online Payment Gateways in Secure Digital Transactions (blog)","https://YOURDOMAIN.com/blog/the-role-of-online-payment-gateways-in-secure-digital-transactions","NOT SET — derive"
"best payment processors for high-risk businesses","The best payment processors for high-risk businesses (blog)","https://YOURDOMAIN.com/blog/best-processors-for-high-risk-businesses","NOT SET — derive"
"understanding payment processing fees: what every business should know","Understanding Payment Processing Fees: What Every Business Should Know (blog)","https://YOURDOMAIN.com/blog/understanding-payment-processing-fees-what-every-business-should-know","NOT SET — derive"
"payments glossary","Glossary hub","https://YOURDOMAIN.com/glossary","static page"
"payment processors directory","Payment processors directory (facet hub)","https://YOURDOMAIN.com/payment-processors","static page"
"how we rank payment processors","Methodology","https://YOURDOMAIN.com/methodology","static page"
"about payment processing guide","About","https://YOURDOMAIN.com/about","static page"
"list your payment processor","For processors (get listed)","https://YOURDOMAIN.com/for-processors","static page"
"— (no keyword target)","Contact","https://YOURDOMAIN.com/contact","utility"
"— (no keyword target)","Privacy policy","https://YOURDOMAIN.com/privacy","utility"
"— (no keyword target)","Terms","https://YOURDOMAIN.com/terms","utility"
"— (no keyword target)","Search","https://YOURDOMAIN.com/search","utility"